<?xml version="1.0" encoding="UTF-8"?>
<beans xmlns="http://www.springframework.org/schema/beans"
       xmlns:xsi="http://www.w3.org/2001/XMLSchema-instance"
       xmlns:rabbit="http://www.springframework.org/schema/rabbit"
       xsi:schemaLocation="http://www.springframework.org/schema/beans
        http://www.springframework.org/schema/beans/spring-beans.xsd
        http://www.springframework.org/schema/rabbit
        http://www.springframework.org/schema/rabbit/spring-rabbit.xsd">

   
<!-- *********** DIRECT EXCHANGE ***************** -->
    <!-- <rabbit:queue name="itemQueue" durable="true" />

	<rabbit:direct-exchange name="direct" durable="true">
		<rabbit:bindings>
			<rabbit:binding queue="itemQueue" key="purchases.item"></rabbit:binding>
		</rabbit:bindings>
	</rabbit:direct-exchange> -->

<!--  ****************  DIRECT CONSUMER ************************* -->
    <rabbit:listener-container
            connection-factory="connectionFactory">
        <rabbit:listener ref="queueListener" method="listen"
                         queue-names="itemQueue" />
    </rabbit:listener-container>

    <bean id="queueListener" class="edu.mum.amqp.ItemListener" />
 
</beans>
